<?xml version="1.0" encoding="UTF-8"?>
<metadata>
  <groupId>com.haulmont.addon.bproc</groupId>
  <artifactId>bproc-core</artifactId>
  <versioning>
    <release>1.0.2.trial</release>
    <versions>
      <version>0.1.alpha</version>
      <version>1.0.0.ALPHA1</version>
      <version>1.0.0.BETA1</version>
      <version>1.0.0.BETA2</version>
      <version>1.0.0.trial</version>
      <version>1.0.1.trial</version>
      <version>1.0.2.trial</version>
    </versions>
    <lastUpdated>20200131201132</lastUpdated>
  </versioning>
</metadata>
